AM servis plus, a.s.;123558969;MOBILE
Auto BALVIN,spol. s r.o.;123558970;WORK
AUTO H.B., spol. s r.o.;123558971;WORK
AUTO IMPORT;123558972;MOBILE
Auto Palace Brno s.r.o.;123558973;WORK
Auto Šindler s.r.o.;123558974;WORK
AUTO Tišnov, s.r.o.;123558975;MOBILE
AUTO TRNKA Josef TRNKA;123558976;MOBILE
Autobazar Satke,s.r.o.;123558977;WORK
Autocentrum K.E.I.;123558978;WORK
Autocentrum ROS, a.s.;123558979;MOBILE
AUTOELEGANCE BRNO, s.r.o.;123558980;MOBILE
Automedia s.r.o.;123558981;MOBILE
AUTOMEDIA s. r.o.;123558982;WORK
Autopark Brno, a.s.;123558983;WORK
AUTOSALON AUTOHIT;123558984;MOBILE
Autosalon HORA CZ a.s.;123558985;WORK
AZ SERVIS, a.s.;123558986;WORK
BRNOCAR a.s.;123558987;MOBILE
Burian Auto;123558988;MOBILE
C&K, a.s.;123558989;WORK
C&K, a.s.;123558990;WORK
CanoCar, s.r.o.;123558991;MOBILE
Car One to One;123558992;MOBILE
EngLand Offroad Servis Hodbod s.r.o.;123558993;MOBILE
Evžen Vystrèil;123558994;WORK
František Koneèný;123558995;WORK
G&H Import, s.r.o.;123558996;MOBILE
Global Trade Company LM, s.r.o.;123558997;WORK
HN motor s.r.o.;123558998;WORK
House of England s.r.o;123558999;MOBILE
ID auto, s.r.o.;123559000;MOBILE
ING.MILAN BLAHA;123559001;WORK
JAGUAR MORAVIA,a.s.;123559002;WORK
JE & NE, spol. s r.o.;123559003;MOBILE
Jitka Kopeèková;123559004;MOBILE
Josef Kuchyòka;123559005;MOBILE
KKB Trading, s.r.o.;123559006;WORK
KTM-AUTONOVA;123559007;WORK
LIPAN A. EURO,a.s.;123559008;MOBILE
MG Racing, s.r.o.;123559009;WORK
Motor Rent Holding, s.r.o.;123559010;WORK
MUAL MOTO s.r.o.;123559011;MOBILE
OPPORTUNITY, spol. s r. o.;123559012;MOBILE
Otakar Stanìk;123559013;WORK
PEMM BRNO s.r.o.;123559014;WORK
PNEUSERVIS Bílý a syn s.r.o.;123559015;MOBILE
Radovan Sysel;123559016;MOBILE
RENOCAR, a.s.;123559017;WORK
RFAUTO s.r.o.;123559018;WORK
RM SERVIS, s.r.o.;123559019;MOBILE
AUTO REMARKETING VAIC, s.r.o.;123559020;WORK
AUTO-SPEKTRUM-ACC, SPOL.S R.O.;123559021;WORK
Business Car Moravia s.r.o.;123559022;MOBILE
DENKER s.r.o.;123559023;WORK
František Vlèek;123559024;WORK
MIJA AUTOCENTRUM, s.r.o.;123559025;MOBILE
Milan Purè;123559026;WORK
NISSAN - J.P.N. Cars;123559027;WORK
Otakar Stanìk;123559028;MOBILE
SEAT MOTORCENTRUM a.s.;123559029;WORK
T.K.Autovrak s.r.o.;123559030;MOBILE
Videoautobazar.cz;123559031;MOBILE
Autobazar V.D-Auto;123559032;WORK
Petr Dlapa;123559033;MOBILE
